Mean Obs Qw,Mean Sim Qw,% Error,Mean Obs Qs,Mean Sim Qs,% Error,Max Obs Qw,Max Sim Qw,% Error,Day Peak Qw Obs,Day Peak Qw Sim,Max Obs Qs,Max Sim Qs,% Error,Day Peak Qs Obs,Day Peak Qs Sim,CC Qw,Cov Qw,CC Qs,Cov Qs,Std Qw Obs,Std Qs Obs
20720.3908267,18172.085168,12.2985405057,35389.4687133,23430.3631139,33.7928373444,52146.1485185,52057.7194229,0.169579342088,200,192,118469.713237,180881.156368,-52.6813490354,200,184,"[[ 1.          0.82693658]
 [ 0.82693658  1.        ]]","[[  3.21316528e+08   2.58473109e+08]
 [  2.58473109e+08   3.04055782e+08]]","[[ 1.          0.77641982]
 [ 0.77641982  1.        ]]","[[  1.98190226e+09   6.02718281e+08]
 [  6.02718281e+08   3.04055782e+08]]",17924.3946564,44516.3021302
