Mean Qw,Mean Qs,Mean SSC,Mean Qb,Max Qw,Max Qs,Max SSC,Max Qb,SD Qw,SD Qs,SD SSC,SD Qb,Qw 10 %ile,Qs 10 %ile,SSC 10 %ile,QB 10 %ile,Qw 20 %ile,Qs 20 %ile,SSC 20 %ile,QB 20 %ile,Qw 50 %ile,Qs 50 %ile,SSC 50 %ile,QB 50 %ile,Qw 90 %ile,Qs 90 %ile,SSC 90 %ile,QB 90 %ile,DOY Peak Qw,DOY Peak Qs
18172.085168,23430.3631139,0.533344475149,843.967428927,87117.9773431,2280425.16673,32.3293145747,4046.02634601,17436.310654,68306.0132514,1.14450095261,809.795801453,4021.04321809,36.3252861608,0.00882713671101,186.749592851,4033.65654903,67.6551717998,0.0156912805507,187.335394667,7875.61030492,478.604385886,0.071867631715,365.767523036,44848.5748857,65417.3885516,1.48535820874,2082.90551621,192,184
