Mean Obs Qw,Mean Sim Qw,% Error,Mean Obs Qs,Mean Sim Qs,% Error,Max Obs Qw,Max Sim Qw,% Error,Day Peak Qw Obs,Day Peak Qw Sim,Max Obs Qs,Max Sim Qs,% Error,Day Peak Qs Obs,Day Peak Qs Sim,CC Qw,Cov Qw,CC Qs,Cov Qs,Std Qw Obs,Std Qs Obs
20720.3908267,18946.7900121,8.55968803612,35389.4687133,23963.5784512,32.2861310936,52146.1485185,61442.9751113,-17.8284050824,200,190,118469.713237,163101.551912,-37.6736276772,200,201,"[[ 1.          0.79230718]
 [ 0.79230718  1.        ]]","[[  3.21316528e+08   2.65773048e+08]
 [  2.65773048e+08   3.50188298e+08]]","[[ 1.         0.7456409]
 [ 0.7456409  1.       ]]","[[  1.98190226e+09   6.21185995e+08]
 [  6.21185995e+08   3.50188298e+08]]",17924.3946564,44516.3021302
