Mean Qw,Mean Qs,Mean SSC,Mean Qb,Max Qw,Max Qs,Max SSC,Max Qb,SD Qw,SD Qs,SD SSC,SD Qb,Qw 10 %ile,Qs 10 %ile,SSC 10 %ile,QB 10 %ile,Qw 20 %ile,Qs 20 %ile,SSC 20 %ile,QB 20 %ile,Qw 50 %ile,Qs 50 %ile,SSC 50 %ile,QB 50 %ile,Qw 90 %ile,Qs 90 %ile,SSC 90 %ile,QB 90 %ile,DOY Peak Qw,DOY Peak Qs
18946.7900121,23963.5784512,0.489362711907,879.947100463,80457.1296574,1713600.43348,22.5937190817,3736.6761287,18712.3692812,72404.2619624,1.11201581873,869.059881979,4022.43731153,31.9406461607,0.00751069218985,186.814338831,4045.80251545,60.8992749889,0.0136020181562,187.899490639,8678.2010826,532.925327768,0.0679049575925,403.042302944,49047.381636,62995.8622613,1.32907049502,2277.91099328,190,201
