Mean Obs Qw,Mean Sim Qw,% Error,Mean Obs Qs,Mean Sim Qs,% Error,Max Obs Qw,Max Sim Qw,% Error,Day Peak Qw Obs,Day Peak Qw Sim,Max Obs Qs,Max Sim Qs,% Error,Day Peak Qs Obs,Day Peak Qs Sim,CC Qw,Cov Qw,CC Qs,Cov Qs,Std Qw Obs,Std Qs Obs
20720.3908267,18989.7937112,8.3521451402,35389.4687133,24247.7274216,31.4832115224,52146.1485185,61342.0716935,-17.6349038927,200,214,118469.713237,232647.942427,-96.3775686383,200,213,"[[ 1.          0.70877536]
 [ 0.70877536  1.        ]]","[[  3.21316528e+08   2.57449537e+08]
 [  2.57449537e+08   4.10614183e+08]]","[[ 1.          0.66408144]
 [ 0.66408144  1.        ]]","[[  1.98190226e+09   5.99072569e+08]
 [  5.99072569e+08   4.10614183e+08]]",17924.3946564,44516.3021302
