Mean Qw,Mean Qs,Mean SSC,Mean Qb,Max Qw,Max Qs,Max SSC,Max Qb,SD Qw,SD Qs,SD SSC,SD Qb,Qw 10 %ile,Qs 10 %ile,SSC 10 %ile,QB 10 %ile,Qw 20 %ile,Qs 20 %ile,SSC 20 %ile,QB 20 %ile,Qw 50 %ile,Qs 50 %ile,SSC 50 %ile,QB 50 %ile,Qw 90 %ile,Qs 90 %ile,SSC 90 %ile,QB 90 %ile,DOY Peak Qw,DOY Peak Qs
18989.7937112,24247.7274216,0.404535095401,881.944324287,150432.823422,3944858.74121,38.928233815,6986.56219339,20262.5891199,129996.448009,1.32821491756,941.056850925,4022.77530373,22.6346591477,0.00525509019633,186.830036226,4075.8455061,43.0786130692,0.0096597374506,189.294779366,8061.33071497,309.37803073,0.0437754229256,374.392949096,49322.9979874,45813.5491843,0.978864296384,2290.71146287,214,213
