Mean Obs Qw,Mean Sim Qw,% Error,Mean Obs Qs,Mean Sim Qs,% Error,Max Obs Qw,Max Sim Qw,% Error,Day Peak Qw Obs,Day Peak Qw Sim,Max Obs Qs,Max Sim Qs,% Error,Day Peak Qs Obs,Day Peak Qs Sim,CC Qw,Cov Qw,CC Qs,Cov Qs,Std Qw Obs,Std Qs Obs
20720.3908267,18915.9043457,8.70874732073,35389.4687133,nan,nan,52146.1485185,53400.4093985,-2.40527999795,200,200,118469.713237,nan,nan,200,202,"[[ 1.          0.77375572]
 [ 0.77375572  1.        ]]","[[  3.21316528e+08   2.62699970e+08]
 [  2.62699970e+08   3.58739529e+08]]","[[ 1.          0.72740106]
 [ 0.72740106  1.        ]]","[[  1.98190226e+09   6.13344764e+08]
 [  6.13344764e+08   3.58739529e+08]]",17924.3946564,44516.3021302
