Mean Qw,Mean Qs,Mean SSC,Mean Qb,Max Qw,Max Qs,Max SSC,Max Qb,SD Qw,SD Qs,SD SSC,SD Qb,Qw 10 %ile,Qs 10 %ile,SSC 10 %ile,QB 10 %ile,Qw 20 %ile,Qs 20 %ile,SSC 20 %ile,QB 20 %ile,Qw 50 %ile,Qs 50 %ile,SSC 50 %ile,QB 50 %ile,Qw 90 %ile,Qs 90 %ile,SSC 90 %ile,QB 90 %ile,DOY Peak Qw,DOY Peak Qs
19007.7372806,23512.1409341,0.490218974211,882.777678737,117687.654465,1455055.86939,18.5424390723,5465.77600959,18926.3171925,72707.2138901,1.07298633022,878.996279864,4024.17047751,28.8198200261,0.00667350637635,186.89483238,4061.17176558,54.9826240255,0.0125230131415,188.613285803,8367.7902703,511.451980392,0.0696632612231,388.625871767,45092.7793981,61169.2051956,1.34778934612,2094.24712354,210,219
