Mean Obs Qw,Mean Sim Qw,% Error,Mean Obs Qs,Mean Sim Qs,% Error,Max Obs Qw,Max Sim Qw,% Error,Day Peak Qw Obs,Day Peak Qw Sim,Max Obs Qs,Max Sim Qs,% Error,Day Peak Qs Obs,Day Peak Qs Sim,CC Qw,Cov Qw,CC Qs,Cov Qs,Std Qw Obs,Std Qs Obs
20720.3908267,19343.2781238,6.64617146656,35389.4687133,22037.1454452,37.729651655,52146.1485185,54328.6677275,-4.18538908613,200,205,118469.713237,128762.143731,-8.68781582459,200,201,"[[ 1.          0.75203978]
 [ 0.75203978  1.        ]]","[[  3.21316528e+08   2.50845607e+08]
 [  2.50845607e+08   3.46256799e+08]]","[[ 1.          0.70211225]
 [ 0.70211225  1.        ]]","[[  1.98190226e+09   5.81630034e+08]
 [  5.81630034e+08   3.46256799e+08]]",17924.3946564,44516.3021302
