Mean Obs Qw,Mean Sim Qw,% Error,Mean Obs Qs,Mean Sim Qs,% Error,Max Obs Qw,Max Sim Qw,% Error,Day Peak Qw Obs,Day Peak Qw Sim,Max Obs Qs,Max Sim Qs,% Error,Day Peak Qs Obs,Day Peak Qs Sim,CC Qw,Cov Qw,CC Qs,Cov Qs,Std Qw Obs,Std Qs Obs
20720.3908267,19283.793116,6.93325585759,35389.4687133,24500.711034,30.7683558844,52146.1485185,54134.7086739,-3.81343629759,200,205,118469.713237,143720.664759,-21.3142674461,200,201,"[[ 1.          0.75204204]
 [ 0.75204204  1.        ]]","[[  3.21316528e+08   2.49884379e+08]
 [  2.49884379e+08   3.43606137e+08]]","[[ 1.          0.70211325]
 [ 0.70211325  1.        ]]","[[  1.98190226e+09   5.79400337e+08]
 [  5.79400337e+08   3.43606137e+08]]",17924.3946564,44516.3021302
