Mean Qw,Mean Qs,Mean SSC,Mean Qb,Max Qw,Max Qs,Max SSC,Max Qb,SD Qw,SD Qs,SD SSC,SD Qb,Qw 10 %ile,Qs 10 %ile,SSC 10 %ile,QB 10 %ile,Qw 20 %ile,Qs 20 %ile,SSC 20 %ile,QB 20 %ile,Qw 50 %ile,Qs 50 %ile,SSC 50 %ile,QB 50 %ile,Qw 90 %ile,Qs 90 %ile,SSC 90 %ile,QB 90 %ile,DOY Peak Qw,DOY Peak Qs
1.35322593669e+237,24500.711034,0.536402127944,895.59855931,1.33360416061e+241,1143314.4228,14.5776761371,5691.5484285,inf,62774.2506933,1.00918978313,860.853686013,4022.4038496,40.8934109197,0.00964779893019,186.812660187,4077.20546809,83.6404433011,0.0184087334051,189.34242717,9443.80225488,788.828640616,0.0910728266164,438.534397314,46763.5721676,71467.7570789,1.55041515766,2171.53316374,364,201
