Mean Obs Qw,Mean Sim Qw,% Error,Mean Obs Qs,Mean Sim Qs,% Error,Max Obs Qw,Max Sim Qw,% Error,Day Peak Qw Obs,Day Peak Qw Sim,Max Obs Qs,Max Sim Qs,% Error,Day Peak Qs Obs,Day Peak Qs Sim,CC Qw,Cov Qw,CC Qs,Cov Qs,Std Qw Obs,Std Qs Obs
11036.6571996,1.00315680794e+146,-9.08931744278e+143,14391.3623649,22684.6103248,-57.6265661976,41997.1633333,3.66152234899e+148,-8.71849919941e+145,244,364,68813.2426143,218505.96919,-217.534766404,259,217,"[[ 1.         -0.00545985]
 [-0.00545985  1.        ]]","[[  2.26603539e+008  -8.62759257e+149]
 [ -8.62759257e+149   1.10192432e+296]]","[[ 1.         -0.00499388]
 [-0.00499388  1.        ]]","[[  6.65621916e+008  -1.35247172e+150]
 [ -1.35247172e+150   1.10192432e+296]]",15052.6690097,25798.471448
