Mean Qw,Mean Qs,Mean SSC,Mean Qb,Max Qw,Max Qs,Max SSC,Max Qb,SD Qw,SD Qs,SD SSC,SD Qb,Qw 10 %ile,Qs 10 %ile,SSC 10 %ile,QB 10 %ile,Qw 20 %ile,Qs 20 %ile,SSC 20 %ile,QB 20 %ile,Qw 50 %ile,Qs 50 %ile,SSC 50 %ile,QB 50 %ile,Qw 90 %ile,Qs 90 %ile,SSC 90 %ile,QB 90 %ile,DOY Peak Qw,DOY Peak Qs
1.00315680794e+146,26684.2727084,0.603100436149,878.660034709,1.0984567047e+150,1868850.43476,26.5029394512,4042.36732838,1.04967789783e+148,70680.7462501,1.23568027807,822.861168365,4020.72743232,33.6084700137,0.00816488269404,186.734885284,4028.97973994,67.2796152911,0.015667549614,187.117760065,9171.74130023,735.563977913,0.0890112287758,425.59476397,45778.0582419,71644.7209257,1.6223362383,2125.92819205,364,193
