Mean Qw,Mean Qs,Mean SSC,Mean Qb,Max Qw,Max Qs,Max SSC,Max Qb,SD Qw,SD Qs,SD SSC,SD Qb,Qw 10 %ile,Qs 10 %ile,SSC 10 %ile,QB 10 %ile,Qw 20 %ile,Qs 20 %ile,SSC 20 %ile,QB 20 %ile,Qw 50 %ile,Qs 50 %ile,SSC 50 %ile,QB 50 %ile,Qw 90 %ile,Qs 90 %ile,SSC 90 %ile,QB 90 %ile,DOY Peak Qw,DOY Peak Qs
1.21790429127e+237,28790.703258,0.596757044955,925.50978527,1.33360519894e+241,1374920.30854,18.3372302863,4215.03068142,inf,80996.8036153,1.26653612859,883.412055038,4020.73414227,28.2892034843,0.00669119527192,186.735163503,4031.20657448,61.1455327317,0.0141708771385,187.217381159,8704.62987318,603.190786907,0.0847820251856,404.088903577,49152.8818423,73577.0159261,1.56037445869,2281.4083694,364,196
