Mean Qw,Mean Qs,Mean SSC,Mean Qb,Max Qw,Max Qs,Max SSC,Max Qb,SD Qw,SD Qs,SD SSC,SD Qb,Qw 10 %ile,Qs 10 %ile,SSC 10 %ile,QB 10 %ile,Qw 20 %ile,Qs 20 %ile,SSC 20 %ile,QB 20 %ile,Qw 50 %ile,Qs 50 %ile,SSC 50 %ile,QB 50 %ile,Qw 90 %ile,Qs 90 %ile,SSC 90 %ile,QB 90 %ile,DOY Peak Qw,DOY Peak Qs
1.21790429127e+237,29764.077545,0.49488634208,995.540105369,1.33360519894e+241,2919845.20562,32.7439209006,6563.06983536,inf,113079.282401,1.28510157329,1037.69067358,4021.36546945,20.7925456575,0.00478760491376,186.764384961,4122.57414145,46.0325558308,0.009990276688,191.415660707,9383.70617724,528.100418932,0.0651325639216,435.41582677,54468.1324624,67295.1006092,1.2346958174,2529.15794963,364,196
